scope,variant,round,benchmark,ns_per_op,bytes_per_op,allocs_per_op
public,baseline,1,BenchmarkDBCheckpointedValueLogGet/Get-4,3429,827,2
public,baseline,1,BenchmarkDBCheckpointedValueLogGet/GetAppend-4,3409,571,1
public,baseline,1,BenchmarkDBCheckpointedValueLogGet/GetUnsafe-4,3459,827,2
public,baseline,2,BenchmarkDBCheckpointedValueLogGet/Get-4,3431,827,2
public,baseline,2,BenchmarkDBCheckpointedValueLogGet/GetAppend-4,3424,571,1
public,baseline,2,BenchmarkDBCheckpointedValueLogGet/GetUnsafe-4,3588,827,2
public,baseline,3,BenchmarkDBCheckpointedValueLogGet/Get-4,3476,827,2
public,baseline,3,BenchmarkDBCheckpointedValueLogGet/GetAppend-4,3419,571,1
public,baseline,3,BenchmarkDBCheckpointedValueLogGet/GetUnsafe-4,3459,827,2
public,baseline,4,BenchmarkDBCheckpointedValueLogGet/Get-4,3691,827,2
public,baseline,4,BenchmarkDBCheckpointedValueLogGet/GetAppend-4,3420,571,1
public,baseline,4,BenchmarkDBCheckpointedValueLogGet/GetUnsafe-4,3473,827,2
public,baseline,5,BenchmarkDBCheckpointedValueLogGet/Get-4,3431,827,2
public,baseline,5,BenchmarkDBCheckpointedValueLogGet/GetAppend-4,3467,571,1
public,baseline,5,BenchmarkDBCheckpointedValueLogGet/GetUnsafe-4,3584,827,2
public,candidate,1,BenchmarkDBCheckpointedValueLogGet/Get-4,3479,315,1
public,candidate,1,BenchmarkDBCheckpointedValueLogGet/GetAppend-4,3314,59,0
public,candidate,1,BenchmarkDBCheckpointedValueLogGet/GetUnsafe-4,3406,315,1
public,candidate,2,BenchmarkDBCheckpointedValueLogGet/Get-4,3399,315,1
public,candidate,2,BenchmarkDBCheckpointedValueLogGet/GetAppend-4,3377,59,0
public,candidate,2,BenchmarkDBCheckpointedValueLogGet/GetUnsafe-4,3388,315,1
public,candidate,3,BenchmarkDBCheckpointedValueLogGet/Get-4,3397,315,1
public,candidate,3,BenchmarkDBCheckpointedValueLogGet/GetAppend-4,3273,59,0
public,candidate,3,BenchmarkDBCheckpointedValueLogGet/GetUnsafe-4,3361,315,1
public,candidate,4,BenchmarkDBCheckpointedValueLogGet/Get-4,3410,315,1
public,candidate,4,BenchmarkDBCheckpointedValueLogGet/GetAppend-4,3285,59,0
public,candidate,4,BenchmarkDBCheckpointedValueLogGet/GetUnsafe-4,3473,315,1
public,candidate,5,BenchmarkDBCheckpointedValueLogGet/Get-4,3407,315,1
public,candidate,5,BenchmarkDBCheckpointedValueLogGet/GetAppend-4,3281,59,0
public,candidate,5,BenchmarkDBCheckpointedValueLogGet/GetUnsafe-4,3391,315,1
backend,baseline,1,BenchmarkGetVersioned-4,327.3,512,1
backend,baseline,2,BenchmarkGetVersioned-4,340.3,512,1
backend,baseline,3,BenchmarkGetVersioned-4,366.7,512,1
backend,baseline,4,BenchmarkGetVersioned-4,337.5,512,1
backend,baseline,5,BenchmarkGetVersioned-4,334.9,512,1
backend,candidate,1,BenchmarkGetVersioned-4,199.3,0,0
backend,candidate,2,BenchmarkGetVersioned-4,213.5,0,0
backend,candidate,3,BenchmarkGetVersioned-4,196.4,0,0
backend,candidate,4,BenchmarkGetVersioned-4,193.0,0,0
backend,candidate,5,BenchmarkGetVersioned-4,194.0,0,0
