engine,scenario,command,ops_sec
hashdb,keys=100000;clients=2;threads=8;pipe=1;data=128;ratio=1:1;pattern=S:S;proto=resp2,SET,71692.68
hashdb,keys=100000;clients=2;threads=8;pipe=1;data=128;ratio=1:1;pattern=S:S;proto=resp2,GET,71691.48
hashdb,keys=100000;clients=2;threads=8;pipe=1;data=128;ratio=1:1;pattern=S:S;proto=resp2,TOTAL,143384.16
hashdb,keys=100000;clients=2;threads=8;pipe=1;data=128;ratio=1:1;pattern=S:S;proto=resp3,SET,72529.05
hashdb,keys=100000;clients=2;threads=8;pipe=1;data=128;ratio=1:1;pattern=S:S;proto=resp3,GET,72526.85
hashdb,keys=100000;clients=2;threads=8;pipe=1;data=128;ratio=1:1;pattern=S:S;proto=resp3,TOTAL,145055.91
hashdb,keys=100000;clients=2;threads=8;pipe=1;data=128;ratio=1:1;pattern=R:R;proto=resp2,SET,71388.12
hashdb,keys=100000;clients=2;threads=8;pipe=1;data=128;ratio=1:1;pattern=R:R;proto=resp2,GET,71386.32
hashdb,keys=100000;clients=2;threads=8;pipe=1;data=128;ratio=1:1;pattern=R:R;proto=resp2,TOTAL,142774.43
hashdb,keys=100000;clients=2;threads=8;pipe=1;data=128;ratio=1:1;pattern=R:R;proto=resp3,SET,67519.59
hashdb,keys=100000;clients=2;threads=8;pipe=1;data=128;ratio=1:1;pattern=R:R;proto=resp3,GET,67517.79
hashdb,keys=100000;clients=2;threads=8;pipe=1;data=128;ratio=1:1;pattern=R:R;proto=resp3,TOTAL,135037.39
hashdb,keys=100000;clients=2;threads=8;pipe=16;data=128;ratio=1:1;pattern=S:S;proto=resp2,SET,831379.67
hashdb,keys=100000;clients=2;threads=8;pipe=16;data=128;ratio=1:1;pattern=S:S;proto=resp2,GET,831379.67
hashdb,keys=100000;clients=2;threads=8;pipe=16;data=128;ratio=1:1;pattern=S:S;proto=resp2,TOTAL,1662759.34
hashdb,keys=100000;clients=2;threads=8;pipe=16;data=128;ratio=1:1;pattern=S:S;proto=resp3,SET,811444.35
hashdb,keys=100000;clients=2;threads=8;pipe=16;data=128;ratio=1:1;pattern=S:S;proto=resp3,GET,811444.35
hashdb,keys=100000;clients=2;threads=8;pipe=16;data=128;ratio=1:1;pattern=S:S;proto=resp3,TOTAL,1622888.70
hashdb,keys=100000;clients=2;threads=8;pipe=16;data=128;ratio=1:1;pattern=R:R;proto=resp2,SET,667960.92
hashdb,keys=100000;clients=2;threads=8;pipe=16;data=128;ratio=1:1;pattern=R:R;proto=resp2,GET,667960.92
hashdb,keys=100000;clients=2;threads=8;pipe=16;data=128;ratio=1:1;pattern=R:R;proto=resp2,TOTAL,1335921.85
hashdb,keys=100000;clients=2;threads=8;pipe=16;data=128;ratio=1:1;pattern=R:R;proto=resp3,SET,637993.44
hashdb,keys=100000;clients=2;threads=8;pipe=16;data=128;ratio=1:1;pattern=R:R;proto=resp3,GET,637993.44
hashdb,keys=100000;clients=2;threads=8;pipe=16;data=128;ratio=1:1;pattern=R:R;proto=resp3,TOTAL,1275986.89
hashdb,keys=100000;clients=2;threads=8;pipe=64;data=128;ratio=1:1;pattern=S:S;proto=resp2,SET,1425722.60
hashdb,keys=100000;clients=2;threads=8;pipe=64;data=128;ratio=1:1;pattern=S:S;proto=resp2,GET,1425719.60
hashdb,keys=100000;clients=2;threads=8;pipe=64;data=128;ratio=1:1;pattern=S:S;proto=resp2,TOTAL,2851442.20
hashdb,keys=100000;clients=2;threads=8;pipe=64;data=128;ratio=1:1;pattern=S:S;proto=resp3,SET,1397259.33
hashdb,keys=100000;clients=2;threads=8;pipe=64;data=128;ratio=1:1;pattern=S:S;proto=resp3,GET,1397256.33
hashdb,keys=100000;clients=2;threads=8;pipe=64;data=128;ratio=1:1;pattern=S:S;proto=resp3,TOTAL,2794515.66
hashdb,keys=100000;clients=2;threads=8;pipe=64;data=128;ratio=1:1;pattern=R:R;proto=resp2,SET,1137166.16
hashdb,keys=100000;clients=2;threads=8;pipe=64;data=128;ratio=1:1;pattern=R:R;proto=resp2,GET,1137165.76
hashdb,keys=100000;clients=2;threads=8;pipe=64;data=128;ratio=1:1;pattern=R:R;proto=resp2,TOTAL,2274331.93
hashdb,keys=100000;clients=2;threads=8;pipe=64;data=128;ratio=1:1;pattern=R:R;proto=resp3,SET,1092204.28
hashdb,keys=100000;clients=2;threads=8;pipe=64;data=128;ratio=1:1;pattern=R:R;proto=resp3,GET,1092202.68
hashdb,keys=100000;clients=2;threads=8;pipe=64;data=128;ratio=1:1;pattern=R:R;proto=resp3,TOTAL,2184406.96
treedb,keys=100000;clients=2;threads=8;pipe=1;data=128;ratio=1:1;pattern=S:S;proto=resp2,SET,67735.48
treedb,keys=100000;clients=2;threads=8;pipe=1;data=128;ratio=1:1;pattern=S:S;proto=resp2,GET,67733.68
treedb,keys=100000;clients=2;threads=8;pipe=1;data=128;ratio=1:1;pattern=S:S;proto=resp2,TOTAL,135469.16
treedb,keys=100000;clients=2;threads=8;pipe=1;data=128;ratio=1:1;pattern=S:S;proto=resp3,SET,68881.31
treedb,keys=100000;clients=2;threads=8;pipe=1;data=128;ratio=1:1;pattern=S:S;proto=resp3,GET,68879.71
treedb,keys=100000;clients=2;threads=8;pipe=1;data=128;ratio=1:1;pattern=S:S;proto=resp3,TOTAL,137761.02
treedb,keys=100000;clients=2;threads=8;pipe=1;data=128;ratio=1:1;pattern=R:R;proto=resp2,SET,67810.07
treedb,keys=100000;clients=2;threads=8;pipe=1;data=128;ratio=1:1;pattern=R:R;proto=resp2,GET,67808.87
treedb,keys=100000;clients=2;threads=8;pipe=1;data=128;ratio=1:1;pattern=R:R;proto=resp2,TOTAL,135618.94
treedb,keys=100000;clients=2;threads=8;pipe=1;data=128;ratio=1:1;pattern=R:R;proto=resp3,SET,67767.75
treedb,keys=100000;clients=2;threads=8;pipe=1;data=128;ratio=1:1;pattern=R:R;proto=resp3,GET,67766.35
treedb,keys=100000;clients=2;threads=8;pipe=1;data=128;ratio=1:1;pattern=R:R;proto=resp3,TOTAL,135534.09
treedb,keys=100000;clients=2;threads=8;pipe=16;data=128;ratio=1:1;pattern=S:S;proto=resp2,SET,634564.52
treedb,keys=100000;clients=2;threads=8;pipe=16;data=128;ratio=1:1;pattern=S:S;proto=resp2,GET,634564.52
treedb,keys=100000;clients=2;threads=8;pipe=16;data=128;ratio=1:1;pattern=S:S;proto=resp2,TOTAL,1269129.04
treedb,keys=100000;clients=2;threads=8;pipe=16;data=128;ratio=1:1;pattern=S:S;proto=resp3,SET,601304.21
treedb,keys=100000;clients=2;threads=8;pipe=16;data=128;ratio=1:1;pattern=S:S;proto=resp3,GET,601304.21
treedb,keys=100000;clients=2;threads=8;pipe=16;data=128;ratio=1:1;pattern=S:S;proto=resp3,TOTAL,1202608.42
treedb,keys=100000;clients=2;threads=8;pipe=16;data=128;ratio=1:1;pattern=R:R;proto=resp2,SET,616304.72
treedb,keys=100000;clients=2;threads=8;pipe=16;data=128;ratio=1:1;pattern=R:R;proto=resp2,GET,616304.72
treedb,keys=100000;clients=2;threads=8;pipe=16;data=128;ratio=1:1;pattern=R:R;proto=resp2,TOTAL,1232609.44
treedb,keys=100000;clients=2;threads=8;pipe=16;data=128;ratio=1:1;pattern=R:R;proto=resp3,SET,599425.01
treedb,keys=100000;clients=2;threads=8;pipe=16;data=128;ratio=1:1;pattern=R:R;proto=resp3,GET,599425.01
treedb,keys=100000;clients=2;threads=8;pipe=16;data=128;ratio=1:1;pattern=R:R;proto=resp3,TOTAL,1198850.02
treedb,keys=100000;clients=2;threads=8;pipe=64;data=128;ratio=1:1;pattern=S:S;proto=resp2,SET,933780.28
treedb,keys=100000;clients=2;threads=8;pipe=64;data=128;ratio=1:1;pattern=S:S;proto=resp2,GET,933780.28
treedb,keys=100000;clients=2;threads=8;pipe=64;data=128;ratio=1:1;pattern=S:S;proto=resp2,TOTAL,1867560.55
treedb,keys=100000;clients=2;threads=8;pipe=64;data=128;ratio=1:1;pattern=S:S;proto=resp3,SET,862930.81
treedb,keys=100000;clients=2;threads=8;pipe=64;data=128;ratio=1:1;pattern=S:S;proto=resp3,GET,862929.41
treedb,keys=100000;clients=2;threads=8;pipe=64;data=128;ratio=1:1;pattern=S:S;proto=resp3,TOTAL,1725860.23
treedb,keys=100000;clients=2;threads=8;pipe=64;data=128;ratio=1:1;pattern=R:R;proto=resp2,SET,878454.85
treedb,keys=100000;clients=2;threads=8;pipe=64;data=128;ratio=1:1;pattern=R:R;proto=resp2,GET,878454.65
treedb,keys=100000;clients=2;threads=8;pipe=64;data=128;ratio=1:1;pattern=R:R;proto=resp2,TOTAL,1756909.49
treedb,keys=100000;clients=2;threads=8;pipe=64;data=128;ratio=1:1;pattern=R:R;proto=resp3,SET,835586.84
treedb,keys=100000;clients=2;threads=8;pipe=64;data=128;ratio=1:1;pattern=R:R;proto=resp3,GET,835586.64
treedb,keys=100000;clients=2;threads=8;pipe=64;data=128;ratio=1:1;pattern=R:R;proto=resp3,TOTAL,1671173.47
redis,keys=100000;clients=2;threads=8;pipe=1;data=128;ratio=1:1;pattern=S:S;proto=resp2,SET,24800.52
redis,keys=100000;clients=2;threads=8;pipe=1;data=128;ratio=1:1;pattern=S:S;proto=resp2,GET,24798.72
redis,keys=100000;clients=2;threads=8;pipe=1;data=128;ratio=1:1;pattern=S:S;proto=resp2,TOTAL,49599.24
redis,keys=100000;clients=2;threads=8;pipe=1;data=128;ratio=1:1;pattern=S:S;proto=resp3,SET,26019.98
redis,keys=100000;clients=2;threads=8;pipe=1;data=128;ratio=1:1;pattern=S:S;proto=resp3,GET,26017.98
redis,keys=100000;clients=2;threads=8;pipe=1;data=128;ratio=1:1;pattern=S:S;proto=resp3,TOTAL,52037.97
redis,keys=100000;clients=2;threads=8;pipe=1;data=128;ratio=1:1;pattern=R:R;proto=resp2,SET,18322.74
redis,keys=100000;clients=2;threads=8;pipe=1;data=128;ratio=1:1;pattern=R:R;proto=resp2,GET,18321.34
redis,keys=100000;clients=2;threads=8;pipe=1;data=128;ratio=1:1;pattern=R:R;proto=resp2,TOTAL,36644.08
redis,keys=100000;clients=2;threads=8;pipe=1;data=128;ratio=1:1;pattern=R:R;proto=resp3,SET,23223.73
redis,keys=100000;clients=2;threads=8;pipe=1;data=128;ratio=1:1;pattern=R:R;proto=resp3,GET,23221.33
redis,keys=100000;clients=2;threads=8;pipe=1;data=128;ratio=1:1;pattern=R:R;proto=resp3,TOTAL,46445.05
redis,keys=100000;clients=2;threads=8;pipe=16;data=128;ratio=1:1;pattern=S:S;proto=resp2,SET,316849.84
redis,keys=100000;clients=2;threads=8;pipe=16;data=128;ratio=1:1;pattern=S:S;proto=resp2,GET,316849.84
redis,keys=100000;clients=2;threads=8;pipe=16;data=128;ratio=1:1;pattern=S:S;proto=resp2,TOTAL,633699.67
redis,keys=100000;clients=2;threads=8;pipe=16;data=128;ratio=1:1;pattern=S:S;proto=resp3,SET,300070.86
redis,keys=100000;clients=2;threads=8;pipe=16;data=128;ratio=1:1;pattern=S:S;proto=resp3,GET,300070.86
redis,keys=100000;clients=2;threads=8;pipe=16;data=128;ratio=1:1;pattern=S:S;proto=resp3,TOTAL,600141.71
redis,keys=100000;clients=2;threads=8;pipe=16;data=128;ratio=1:1;pattern=R:R;proto=resp2,SET,320084.35
redis,keys=100000;clients=2;threads=8;pipe=16;data=128;ratio=1:1;pattern=R:R;proto=resp2,GET,320084.35
redis,keys=100000;clients=2;threads=8;pipe=16;data=128;ratio=1:1;pattern=R:R;proto=resp2,TOTAL,640168.69
redis,keys=100000;clients=2;threads=8;pipe=16;data=128;ratio=1:1;pattern=R:R;proto=resp3,SET,302545.55
redis,keys=100000;clients=2;threads=8;pipe=16;data=128;ratio=1:1;pattern=R:R;proto=resp3,GET,302545.55
redis,keys=100000;clients=2;threads=8;pipe=16;data=128;ratio=1:1;pattern=R:R;proto=resp3,TOTAL,605091.09
redis,keys=100000;clients=2;threads=8;pipe=64;data=128;ratio=1:1;pattern=S:S;proto=resp2,SET,552004.01
redis,keys=100000;clients=2;threads=8;pipe=64;data=128;ratio=1:1;pattern=S:S;proto=resp2,GET,552000.81
redis,keys=100000;clients=2;threads=8;pipe=64;data=128;ratio=1:1;pattern=S:S;proto=resp2,TOTAL,1104004.82
redis,keys=100000;clients=2;threads=8;pipe=64;data=128;ratio=1:1;pattern=S:S;proto=resp3,SET,617754.69
redis,keys=100000;clients=2;threads=8;pipe=64;data=128;ratio=1:1;pattern=S:S;proto=resp3,GET,617751.49
redis,keys=100000;clients=2;threads=8;pipe=64;data=128;ratio=1:1;pattern=S:S;proto=resp3,TOTAL,1235506.18
redis,keys=100000;clients=2;threads=8;pipe=64;data=128;ratio=1:1;pattern=R:R;proto=resp2,SET,706020.11
redis,keys=100000;clients=2;threads=8;pipe=64;data=128;ratio=1:1;pattern=R:R;proto=resp2,GET,706017.51
redis,keys=100000;clients=2;threads=8;pipe=64;data=128;ratio=1:1;pattern=R:R;proto=resp2,TOTAL,1412037.62
redis,keys=100000;clients=2;threads=8;pipe=64;data=128;ratio=1:1;pattern=R:R;proto=resp3,SET,735341.55
redis,keys=100000;clients=2;threads=8;pipe=64;data=128;ratio=1:1;pattern=R:R;proto=resp3,GET,735338.35
redis,keys=100000;clients=2;threads=8;pipe=64;data=128;ratio=1:1;pattern=R:R;proto=resp3,TOTAL,1470679.90
valkey,keys=100000;clients=2;threads=8;pipe=1;data=128;ratio=1:1;pattern=S:S;proto=resp2,SET,26417.24
valkey,keys=100000;clients=2;threads=8;pipe=1;data=128;ratio=1:1;pattern=S:S;proto=resp2,GET,26415.64
valkey,keys=100000;clients=2;threads=8;pipe=1;data=128;ratio=1:1;pattern=S:S;proto=resp2,TOTAL,52832.89
valkey,keys=100000;clients=2;threads=8;pipe=1;data=128;ratio=1:1;pattern=S:S;proto=resp3,SET,26785.88
valkey,keys=100000;clients=2;threads=8;pipe=1;data=128;ratio=1:1;pattern=S:S;proto=resp3,GET,26784.28
valkey,keys=100000;clients=2;threads=8;pipe=1;data=128;ratio=1:1;pattern=S:S;proto=resp3,TOTAL,53570.16
valkey,keys=100000;clients=2;threads=8;pipe=1;data=128;ratio=1:1;pattern=R:R;proto=resp2,SET,26527.32
valkey,keys=100000;clients=2;threads=8;pipe=1;data=128;ratio=1:1;pattern=R:R;proto=resp2,GET,26525.52
valkey,keys=100000;clients=2;threads=8;pipe=1;data=128;ratio=1:1;pattern=R:R;proto=resp2,TOTAL,53052.84
valkey,keys=100000;clients=2;threads=8;pipe=1;data=128;ratio=1:1;pattern=R:R;proto=resp3,SET,26686.64
valkey,keys=100000;clients=2;threads=8;pipe=1;data=128;ratio=1:1;pattern=R:R;proto=resp3,GET,26684.44
valkey,keys=100000;clients=2;threads=8;pipe=1;data=128;ratio=1:1;pattern=R:R;proto=resp3,TOTAL,53371.08
valkey,keys=100000;clients=2;threads=8;pipe=16;data=128;ratio=1:1;pattern=S:S;proto=resp2,SET,317143.64
valkey,keys=100000;clients=2;threads=8;pipe=16;data=128;ratio=1:1;pattern=S:S;proto=resp2,GET,317143.64
valkey,keys=100000;clients=2;threads=8;pipe=16;data=128;ratio=1:1;pattern=S:S;proto=resp2,TOTAL,634287.29
valkey,keys=100000;clients=2;threads=8;pipe=16;data=128;ratio=1:1;pattern=S:S;proto=resp3,SET,314135.26
valkey,keys=100000;clients=2;threads=8;pipe=16;data=128;ratio=1:1;pattern=S:S;proto=resp3,GET,314135.26
valkey,keys=100000;clients=2;threads=8;pipe=16;data=128;ratio=1:1;pattern=S:S;proto=resp3,TOTAL,628270.53
valkey,keys=100000;clients=2;threads=8;pipe=16;data=128;ratio=1:1;pattern=R:R;proto=resp2,SET,323059.93
valkey,keys=100000;clients=2;threads=8;pipe=16;data=128;ratio=1:1;pattern=R:R;proto=resp2,GET,323059.93
valkey,keys=100000;clients=2;threads=8;pipe=16;data=128;ratio=1:1;pattern=R:R;proto=resp2,TOTAL,646119.87
valkey,keys=100000;clients=2;threads=8;pipe=16;data=128;ratio=1:1;pattern=R:R;proto=resp3,SET,327456.32
valkey,keys=100000;clients=2;threads=8;pipe=16;data=128;ratio=1:1;pattern=R:R;proto=resp3,GET,327456.32
valkey,keys=100000;clients=2;threads=8;pipe=16;data=128;ratio=1:1;pattern=R:R;proto=resp3,TOTAL,654912.64
valkey,keys=100000;clients=2;threads=8;pipe=64;data=128;ratio=1:1;pattern=S:S;proto=resp2,SET,790623.84
valkey,keys=100000;clients=2;threads=8;pipe=64;data=128;ratio=1:1;pattern=S:S;proto=resp2,GET,790621.44
valkey,keys=100000;clients=2;threads=8;pipe=64;data=128;ratio=1:1;pattern=S:S;proto=resp2,TOTAL,1581245.27
valkey,keys=100000;clients=2;threads=8;pipe=64;data=128;ratio=1:1;pattern=S:S;proto=resp3,SET,785309.45
valkey,keys=100000;clients=2;threads=8;pipe=64;data=128;ratio=1:1;pattern=S:S;proto=resp3,GET,785306.25
valkey,keys=100000;clients=2;threads=8;pipe=64;data=128;ratio=1:1;pattern=S:S;proto=resp3,TOTAL,1570615.69
valkey,keys=100000;clients=2;threads=8;pipe=64;data=128;ratio=1:1;pattern=R:R;proto=resp2,SET,789355.42
valkey,keys=100000;clients=2;threads=8;pipe=64;data=128;ratio=1:1;pattern=R:R;proto=resp2,GET,789352.42
valkey,keys=100000;clients=2;threads=8;pipe=64;data=128;ratio=1:1;pattern=R:R;proto=resp2,TOTAL,1578707.83
valkey,keys=100000;clients=2;threads=8;pipe=64;data=128;ratio=1:1;pattern=R:R;proto=resp3,SET,755592.44
valkey,keys=100000;clients=2;threads=8;pipe=64;data=128;ratio=1:1;pattern=R:R;proto=resp3,GET,755589.24
valkey,keys=100000;clients=2;threads=8;pipe=64;data=128;ratio=1:1;pattern=R:R;proto=resp3,TOTAL,1511181.68
dragonfly,keys=100000;clients=2;threads=8;pipe=1;data=128;ratio=1:1;pattern=S:S;proto=resp2,SET,19792.19
dragonfly,keys=100000;clients=2;threads=8;pipe=1;data=128;ratio=1:1;pattern=S:S;proto=resp2,GET,19791.19
dragonfly,keys=100000;clients=2;threads=8;pipe=1;data=128;ratio=1:1;pattern=S:S;proto=resp2,TOTAL,39583.37
dragonfly,keys=100000;clients=2;threads=8;pipe=1;data=128;ratio=1:1;pattern=S:S;proto=resp3,SET,17195.49
dragonfly,keys=100000;clients=2;threads=8;pipe=1;data=128;ratio=1:1;pattern=S:S;proto=resp3,GET,17194.49
dragonfly,keys=100000;clients=2;threads=8;pipe=1;data=128;ratio=1:1;pattern=S:S;proto=resp3,TOTAL,34389.98
dragonfly,keys=100000;clients=2;threads=8;pipe=1;data=128;ratio=1:1;pattern=R:R;proto=resp2,SET,18810.23
dragonfly,keys=100000;clients=2;threads=8;pipe=1;data=128;ratio=1:1;pattern=R:R;proto=resp2,GET,18808.23
dragonfly,keys=100000;clients=2;threads=8;pipe=1;data=128;ratio=1:1;pattern=R:R;proto=resp2,TOTAL,37618.45
dragonfly,keys=100000;clients=2;threads=8;pipe=1;data=128;ratio=1:1;pattern=R:R;proto=resp3,SET,18556.76
dragonfly,keys=100000;clients=2;threads=8;pipe=1;data=128;ratio=1:1;pattern=R:R;proto=resp3,GET,18555.76
dragonfly,keys=100000;clients=2;threads=8;pipe=1;data=128;ratio=1:1;pattern=R:R;proto=resp3,TOTAL,37112.51
dragonfly,keys=100000;clients=2;threads=8;pipe=16;data=128;ratio=1:1;pattern=S:S;proto=resp2,SET,210518.26
dragonfly,keys=100000;clients=2;threads=8;pipe=16;data=128;ratio=1:1;pattern=S:S;proto=resp2,GET,210517.66
dragonfly,keys=100000;clients=2;threads=8;pipe=16;data=128;ratio=1:1;pattern=S:S;proto=resp2,TOTAL,421035.93
dragonfly,keys=100000;clients=2;threads=8;pipe=16;data=128;ratio=1:1;pattern=S:S;proto=resp3,SET,218712.66
dragonfly,keys=100000;clients=2;threads=8;pipe=16;data=128;ratio=1:1;pattern=S:S;proto=resp3,GET,218711.66
dragonfly,keys=100000;clients=2;threads=8;pipe=16;data=128;ratio=1:1;pattern=S:S;proto=resp3,TOTAL,437424.32
dragonfly,keys=100000;clients=2;threads=8;pipe=16;data=128;ratio=1:1;pattern=R:R;proto=resp2,SET,217339.53
dragonfly,keys=100000;clients=2;threads=8;pipe=16;data=128;ratio=1:1;pattern=R:R;proto=resp2,GET,217339.13
dragonfly,keys=100000;clients=2;threads=8;pipe=16;data=128;ratio=1:1;pattern=R:R;proto=resp2,TOTAL,434678.67
dragonfly,keys=100000;clients=2;threads=8;pipe=16;data=128;ratio=1:1;pattern=R:R;proto=resp3,SET,213049.25
dragonfly,keys=100000;clients=2;threads=8;pipe=16;data=128;ratio=1:1;pattern=R:R;proto=resp3,GET,213049.05
dragonfly,keys=100000;clients=2;threads=8;pipe=16;data=128;ratio=1:1;pattern=R:R;proto=resp3,TOTAL,426098.30
dragonfly,keys=100000;clients=2;threads=8;pipe=64;data=128;ratio=1:1;pattern=S:S;proto=resp2,SET,446609.16
dragonfly,keys=100000;clients=2;threads=8;pipe=64;data=128;ratio=1:1;pattern=S:S;proto=resp2,GET,446606.16
dragonfly,keys=100000;clients=2;threads=8;pipe=64;data=128;ratio=1:1;pattern=S:S;proto=resp2,TOTAL,893215.32
dragonfly,keys=100000;clients=2;threads=8;pipe=64;data=128;ratio=1:1;pattern=S:S;proto=resp3,SET,504514.00
dragonfly,keys=100000;clients=2;threads=8;pipe=64;data=128;ratio=1:1;pattern=S:S;proto=resp3,GET,504511.00
dragonfly,keys=100000;clients=2;threads=8;pipe=64;data=128;ratio=1:1;pattern=S:S;proto=resp3,TOTAL,1009025.00
dragonfly,keys=100000;clients=2;threads=8;pipe=64;data=128;ratio=1:1;pattern=R:R;proto=resp2,SET,521593.84
dragonfly,keys=100000;clients=2;threads=8;pipe=64;data=128;ratio=1:1;pattern=R:R;proto=resp2,GET,521590.84
dragonfly,keys=100000;clients=2;threads=8;pipe=64;data=128;ratio=1:1;pattern=R:R;proto=resp2,TOTAL,1043184.68
dragonfly,keys=100000;clients=2;threads=8;pipe=64;data=128;ratio=1:1;pattern=R:R;proto=resp3,SET,497210.67
dragonfly,keys=100000;clients=2;threads=8;pipe=64;data=128;ratio=1:1;pattern=R:R;proto=resp3,GET,497207.87
dragonfly,keys=100000;clients=2;threads=8;pipe=64;data=128;ratio=1:1;pattern=R:R;proto=resp3,TOTAL,994418.55
